epoch,time,train/box_loss,train/cls_loss,train/dfl_loss,metrics/precision(B),metrics/recall(B),metrics/mAP50(B),metrics/mAP50-95(B),val/box_loss,val/cls_loss,val/dfl_loss,lr/pg0,lr/pg1,lr/pg2
1,7.23756,1.35969,3.13479,1.01888,0.00614,0.94444,0.80348,0.40807,1.51989,3.31959,0.99158,0.08119,0.00019,0.00019
2,11.5759,1.14731,1.10978,1.00693,0.68812,0.85802,0.82811,0.5308,1.42747,3.28031,1.01465,0.0613899,0.000389905,0.000389905
3,15.3177,1.21211,1.13302,1.04381,1,0.29369,0.89954,0.59929,1.23791,2.27588,0.96823,0.0415894,0.000589424,0.000589424
4,19.0499,1.20354,1.17868,1.05513,0.88832,0.8838,0.941,0.522,1.4898,1.01727,1.05536,0.0217883,0.000788265,0.000788265
5,22.6042,1.13238,0.92803,1.00485,0.87146,0.88889,0.95527,0.52407,1.51729,0.88818,1.06743,0.00198614,0.000986136,0.000986136
6,26.1888,1.04631,0.85346,0.9619,0.84212,0.88896,0.93903,0.49736,1.48359,0.8409,1.06101,0.000993906,0.000993906,0.000993906
7,29.8089,1.04065,0.79591,0.98028,0.83291,0.88272,0.92605,0.5351,1.35936,0.82751,1.0313,0.000991232,0.000991232,0.000991232
8,33.2419,1.07352,0.78235,0.9915,0.8837,0.8443,0.93603,0.56656,1.28768,0.7968,0.99738,0.000988079,0.000988079,0.000988079
9,36.8748,0.99714,0.7222,0.99515,0.93559,0.80695,0.92716,0.58094,1.16075,0.78959,0.94442,0.000984449,0.000984449,0.000984449
10,40.3851,1.01313,0.70218,0.97075,0.83794,0.89506,0.936,0.53091,1.40442,0.79339,1.03869,0.000980345,0.000980345,0.000980345
11,43.8501,0.99636,0.70499,0.96059,0.86102,0.90123,0.93405,0.57397,1.27527,0.74613,0.97529,0.000975773,0.000975773,0.000975773
12,47.2282,0.96966,0.67953,0.95648,0.91639,0.87956,0.96001,0.64787,1.12564,0.71698,0.93105,0.000970736,0.000970736,0.000970736
13,50.7288,0.97499,0.63939,0.95225,0.89651,0.90908,0.96176,0.6475,1.0625,0.65305,0.90806,0.000965239,0.000965239,0.000965239
14,54.2083,0.97846,0.65872,0.95369,0.87182,0.94444,0.96711,0.6418,1.13509,0.68439,0.94664,0.000959289,0.000959289,0.000959289
15,57.4261,0.96008,0.6581,0.96349,0.85705,0.96296,0.9711,0.58063,1.27726,0.7139,0.97882,0.000952889,0.000952889,0.000952889
16,60.7206,0.96093,0.6409,0.95829,0.91346,0.84704,0.95643,0.65008,1.09042,0.71927,0.94223,0.000946048,0.000946048,0.000946048
17,64.1912,0.97783,0.63893,0.97111,0.89755,0.9321,0.97317,0.5703,1.30042,0.69361,0.98297,0.000938772,0.000938772,0.000938772
18,67.7342,0.97562,0.62065,0.98338,0.86897,0.94153,0.96571,0.60708,1.26564,0.66977,0.97728,0.000931067,0.000931067,0.000931067
19,71.094,0.90689,0.61908,0.95571,0.91471,0.88889,0.95884,0.61872,1.21212,0.68975,0.94617,0.000922942,0.000922942,0.000922942
20,74.4608,0.9066,0.58353,0.92904,0.91796,0.91975,0.97295,0.6337,1.15484,0.63063,0.93223,0.000914405,0.000914405,0.000914405
21,77.9893,0.91434,0.59681,0.92318,0.8716,0.98148,0.97331,0.66543,1.13297,0.58139,0.92767,0.000905463,0.000905463,0.000905463
22,81.3687,0.91656,0.59995,0.95053,0.91172,0.90123,0.96145,0.65095,1.13609,0.67336,0.92088,0.000896127,0.000896127,0.000896127
23,84.7659,0.86474,0.56463,0.91692,0.90392,0.90741,0.97308,0.6878,1.00338,0.61475,0.89312,0.000886404,0.000886404,0.000886404
24,88.2061,0.87208,0.55709,0.92704,0.87451,0.91358,0.95317,0.67986,1.0309,0.71284,0.90152,0.000876305,0.000876305,0.000876305
25,91.6589,0.88337,0.56225,0.93096,0.91226,0.88889,0.96773,0.67427,1.051,0.65504,0.90801,0.000865839,0.000865839,0.000865839
26,95.1544,0.85937,0.5469,0.91681,0.95831,0.90741,0.97452,0.65275,1.144,0.59937,0.93556,0.000855018,0.000855018,0.000855018
27,98.6131,0.87687,0.52875,0.91843,0.934,0.89506,0.96793,0.68329,1.03369,0.56262,0.90503,0.000843851,0.000843851,0.000843851
28,102.031,0.87486,0.54133,0.92566,0.90615,0.91975,0.96977,0.69716,1.02467,0.62138,0.90275,0.000832349,0.000832349,0.000832349
29,105.376,0.84256,0.54958,0.92761,0.91552,0.93657,0.97664,0.70494,1.03094,0.57468,0.91564,0.000820525,0.000820525,0.000820525
30,108.774,0.88092,0.54063,0.92688,0.92471,0.90977,0.97215,0.70834,1.02489,0.6112,0.91342,0.000808389,0.000808389,0.000808389
31,112.262,0.85821,0.54234,0.91774,0.915,0.86383,0.95469,0.66369,1.05613,0.65632,0.91589,0.000795954,0.000795954,0.000795954
32,115.757,0.86338,0.55084,0.92375,0.89567,0.94444,0.9689,0.67943,1.05102,0.60379,0.90304,0.000783231,0.000783231,0.000783231
33,119.039,0.82618,0.5222,0.9018,0.90548,0.88698,0.96007,0.67769,1.05234,0.60765,0.90682,0.000770234,0.000770234,0.000770234
34,122.402,0.85636,0.53908,0.92576,0.94593,0.86389,0.95794,0.6883,1.03442,0.63751,0.89917,0.000756976,0.000756976,0.000756976
35,125.827,0.84935,0.52893,0.90494,0.88482,0.94845,0.97159,0.69861,0.98839,0.5766,0.89224,0.000743468,0.000743468,0.000743468
36,129.094,0.82632,0.50123,0.90323,0.9468,0.88889,0.96892,0.70527,1.02028,0.58616,0.8954,0.000729725,0.000729725,0.000729725
37,132.438,0.85585,0.51077,0.90398,0.95964,0.88064,0.96394,0.56783,1.37353,0.68062,1.00431,0.000715761,0.000715761,0.000715761
38,135.725,0.8047,0.48405,0.90666,0.95659,0.89506,0.96482,0.70022,1.03341,0.62297,0.91114,0.000701588,0.000701588,0.000701588
39,139.159,0.80875,0.49837,0.925,0.95389,0.88889,0.96358,0.67989,1.04279,0.61855,0.89974,0.000687222,0.000687222,0.000687222
40,142.446,0.83332,0.49973,0.90168,0.96018,0.89319,0.97627,0.72172,0.96631,0.54574,0.88558,0.000672675,0.000672675,0.000672675
41,145.697,0.79246,0.4693,0.89405,0.92081,0.93313,0.97958,0.71182,1.00198,0.55341,0.89894,0.000657963,0.000657963,0.000657963
42,148.944,0.8253,0.50083,0.90192,0.9161,0.94359,0.97584,0.69853,1.03913,0.59407,0.90233,0.000643101,0.000643101,0.000643101
43,152.273,0.80791,0.48581,0.89923,0.90603,0.89277,0.95591,0.66601,1.05114,0.68154,0.90245,0.000628101,0.000628101,0.000628101
44,155.695,0.80858,0.47271,0.91004,0.94311,0.87037,0.96324,0.70308,0.98622,0.61392,0.8867,0.000612981,0.000612981,0.000612981
45,159.193,0.79296,0.47279,0.89065,0.93495,0.8872,0.96254,0.71171,0.98691,0.60556,0.88966,0.000597754,0.000597754,0.000597754
46,162.949,0.76977,0.4741,0.87649,0.96322,0.89506,0.97527,0.70317,1.01063,0.54069,0.89559,0.000582435,0.000582435,0.000582435
47,166.703,0.77831,0.46036,0.88469,0.94266,0.9133,0.97134,0.7159,0.99834,0.56521,0.88668,0.00056704,0.00056704,0.00056704
48,170.268,0.78715,0.45309,0.89318,0.94062,0.9321,0.96926,0.70157,1.00674,0.59808,0.88221,0.000551584,0.000551584,0.000551584
49,174.395,0.76842,0.4664,0.88874,0.95289,0.90741,0.96102,0.71603,0.97942,0.60103,0.87732,0.000536081,0.000536081,0.000536081
50,178.305,0.76627,0.45029,0.89314,0.92709,0.94195,0.97406,0.71039,0.97086,0.53128,0.87455,0.000520548,0.000520548,0.000520548
51,182.26,0.79053,0.45707,0.89634,0.92105,0.93619,0.97102,0.71051,0.98612,0.54239,0.87833,0.000505,0.000505,0.000505
52,186.192,0.79741,0.45378,0.8921,0.94192,0.91358,0.96618,0.68206,1.06438,0.59537,0.90146,0.000489452,0.000489452,0.000489452
53,190.067,0.76993,0.45193,0.88881,0.92116,0.93763,0.97146,0.67535,1.06246,0.56865,0.90463,0.000473919,0.000473919,0.000473919
54,193.888,0.7618,0.44482,0.88352,0.92984,0.9321,0.97563,0.734,0.93052,0.53397,0.87738,0.000458416,0.000458416,0.000458416
55,197.787,0.74073,0.44008,0.88437,0.94284,0.91645,0.97435,0.72618,0.94044,0.53383,0.8791,0.00044296,0.00044296,0.00044296
56,201.513,0.74936,0.44396,0.88411,0.92129,0.93926,0.97792,0.73038,0.92183,0.52244,0.87391,0.000427565,0.000427565,0.000427565
57,205.281,0.74084,0.42484,0.88779,0.95477,0.91222,0.97934,0.73705,0.92914,0.52046,0.87367,0.000412246,0.000412246,0.000412246
58,209.21,0.74299,0.43548,0.87711,0.96004,0.90741,0.97842,0.72326,0.97705,0.51381,0.88286,0.000397019,0.000397019,0.000397019
59,213.141,0.75688,0.42928,0.86691,0.91314,0.95062,0.98077,0.73607,0.94136,0.4927,0.87481,0.000381899,0.000381899,0.000381899
60,217.091,0.73186,0.41555,0.88217,0.91773,0.91975,0.97537,0.71454,0.9845,0.52371,0.8865,0.000366899,0.000366899,0.000366899
61,221.016,0.72342,0.41709,0.8766,0.91974,0.91962,0.95487,0.70594,0.97157,0.60603,0.882,0.000352037,0.000352037,0.000352037
62,225.239,0.73828,0.41926,0.87491,0.94847,0.909,0.97351,0.72148,0.95391,0.54433,0.87194,0.000337325,0.000337325,0.000337325
63,229.805,0.73447,0.41515,0.87232,0.92202,0.9321,0.97516,0.72294,0.98334,0.53293,0.88073,0.000322778,0.000322778,0.000322778
64,234.178,0.72431,0.41161,0.87657,0.92135,0.94007,0.97657,0.73551,0.94927,0.53622,0.87652,0.000308412,0.000308412,0.000308412
65,238.482,0.7073,0.39993,0.87157,0.92684,0.93827,0.97709,0.73683,0.93108,0.52192,0.87183,0.000294239,0.000294239,0.000294239
66,243.395,0.73133,0.40126,0.87442,0.92753,0.93827,0.97684,0.72649,0.95509,0.51657,0.87555,0.000280275,0.000280275,0.000280275
67,248.268,0.72346,0.40116,0.86565,0.93698,0.91782,0.97423,0.7399,0.94991,0.52091,0.87267,0.000266532,0.000266532,0.000266532
68,252.865,0.70001,0.38861,0.86607,0.94214,0.91975,0.97595,0.73164,0.95715,0.52408,0.87654,0.000253024,0.000253024,0.000253024
69,256.484,0.71078,0.38554,0.85677,0.95126,0.91975,0.97764,0.72169,0.98856,0.52133,0.88454,0.000239766,0.000239766,0.000239766
70,259.859,0.68266,0.3798,0.8654,0.96099,0.91358,0.97975,0.72439,0.9937,0.49788,0.88435,0.000226769,0.000226769,0.000226769
71,263.358,0.6949,0.38614,0.8509,0.96704,0.90545,0.97716,0.74431,0.94412,0.49219,0.87259,0.000214046,0.000214046,0.000214046
72,266.815,0.68139,0.38753,0.86707,0.9659,0.89506,0.97855,0.74232,0.95736,0.48955,0.87359,0.000201611,0.000201611,0.000201611
73,270.336,0.69529,0.38938,0.8546,0.93554,0.94444,0.97865,0.73253,0.93843,0.48307,0.87064,0.000189475,0.000189475,0.000189475
74,273.602,0.6937,0.38621,0.86788,0.93558,0.94444,0.97875,0.74529,0.92804,0.48107,0.86698,0.000177651,0.000177651,0.000177651
75,276.965,0.67934,0.38011,0.86798,0.92948,0.93827,0.9803,0.75369,0.92765,0.48459,0.86623,0.000166149,0.000166149,0.000166149
76,280.384,0.65239,0.37083,0.84696,0.94931,0.92475,0.98132,0.73877,0.94715,0.475,0.86996,0.000154982,0.000154982,0.000154982
77,283.702,0.68501,0.37922,0.84711,0.92187,0.94684,0.98137,0.74775,0.92276,0.46537,0.86304,0.000144161,0.000144161,0.000144161
78,287.247,0.6902,0.38062,0.85783,0.92986,0.94444,0.97934,0.74904,0.91019,0.48018,0.86184,0.000133695,0.000133695,0.000133695
79,290.611,0.69294,0.37893,0.85434,0.92589,0.94444,0.97618,0.74127,0.94336,0.51731,0.8697,0.000123596,0.000123596,0.000123596
80,294.103,0.68047,0.36793,0.86245,0.92723,0.9321,0.9757,0.74421,0.92912,0.52357,0.86679,0.000113873,0.000113873,0.000113873
81,297.337,0.6617,0.36625,0.85785,0.9379,0.93224,0.979,0.74302,0.92834,0.49397,0.8662,0.000104537,0.000104537,0.000104537
82,300.849,0.67667,0.3749,0.85828,0.93032,0.93827,0.97928,0.73179,0.9284,0.48274,0.86545,9.55951e-05,9.55951e-05,9.55951e-05
83,304.115,0.65547,0.37619,0.8496,0.9327,0.94103,0.97956,0.74321,0.91953,0.47849,0.86372,8.70577e-05,8.70577e-05,8.70577e-05
84,307.443,0.63494,0.36198,0.84627,0.92703,0.9321,0.9786,0.74844,0.92513,0.48608,0.86475,7.89327e-05,7.89327e-05,7.89327e-05
85,310.645,0.65945,0.37147,0.83663,0.92657,0.94444,0.98048,0.7569,0.91973,0.46282,0.86456,7.12282e-05,7.12282e-05,7.12282e-05
86,314.053,0.66208,0.36037,0.86032,0.92691,0.93944,0.98075,0.75015,0.92662,0.46033,0.86603,6.39518e-05,6.39518e-05,6.39518e-05
87,317.402,0.66086,0.36415,0.84956,0.93761,0.92775,0.98089,0.74671,0.9376,0.46794,0.86794,5.71106e-05,5.71106e-05,5.71106e-05
88,321.821,0.66973,0.36131,0.84793,0.92298,0.93827,0.98106,0.74861,0.92816,0.46667,0.86604,5.07115e-05,5.07115e-05,5.07115e-05
89,327.984,0.66436,0.35236,0.85864,0.92133,0.93975,0.98065,0.75054,0.92544,0.46454,0.86562,4.47606e-05,4.47606e-05,4.47606e-05
90,332.138,0.66741,0.35258,0.83887,0.92041,0.94444,0.98029,0.74794,0.92134,0.46966,0.86409,3.9264e-05,3.9264e-05,3.9264e-05
91,360.637,0.64662,0.35515,0.83171,0.92148,0.94171,0.97964,0.74803,0.9177,0.47034,0.86356,3.4227e-05,3.4227e-05,3.4227e-05
92,364.368,0.63589,0.34684,0.84728,0.9214,0.94071,0.97974,0.74691,0.91702,0.46985,0.86408,2.96546e-05,2.96546e-05,2.96546e-05
93,367.924,0.64522,0.35111,0.84194,0.92137,0.94033,0.97987,0.749,0.92034,0.46807,0.86545,2.55513e-05,2.55513e-05,2.55513e-05
94,371.207,0.64209,0.35293,0.86356,0.92123,0.93845,0.97956,0.74877,0.92633,0.46803,0.8664,2.19212e-05,2.19212e-05,2.19212e-05
95,374.385,0.6646,0.34823,0.86088,0.93236,0.93597,0.97984,0.74588,0.93415,0.47014,0.8683,1.87678e-05,1.87678e-05,1.87678e-05
96,377.493,0.64507,0.35386,0.84085,0.92772,0.93827,0.97986,0.74431,0.9341,0.46703,0.86828,1.60943e-05,1.60943e-05,1.60943e-05
97,380.595,0.6684,0.34637,0.84604,0.92713,0.93827,0.97987,0.7449,0.93339,0.46516,0.86881,1.39032e-05,1.39032e-05,1.39032e-05
98,383.589,0.6311,0.34929,0.84919,0.92714,0.93827,0.97998,0.75086,0.92971,0.46244,0.86731,1.21968e-05,1.21968e-05,1.21968e-05
99,386.827,0.62129,0.33917,0.83457,0.9269,0.93827,0.97987,0.75255,0.92533,0.4626,0.8661,1.09768e-05,1.09768e-05,1.09768e-05
100,390.099,0.64043,0.35263,0.83909,0.9269,0.93923,0.97963,0.75036,0.9243,0.46145,0.86623,1.02443e-05,1.02443e-05,1.02443e-05
